<?xml version="1.0" encoding="UTF-8"?>
<project-private xmlns="http://www.netbeans.org/ns/project-private/1">
    <editor-bookmarks xmlns="http://www.netbeans.org/ns/editor-bookmarks/2" lastBookmarkId="13">
        <file>
            <url>orbisius-child-theme-creator.php</url>
            <bookmark id="6">
                <name/>
                <line>1582</line>
                <key/>
            </bookmark>
            <bookmark id="12">
                <name/>
                <line>2057</line>
                <key/>
            </bookmark>
            <bookmark id="9">
                <name/>
                <line>2062</line>
                <key/>
            </bookmark>
            <bookmark id="5">
                <name/>
                <line>2104</line>
                <key/>
            </bookmark>
            <bookmark id="4">
                <name/>
                <line>2256</line>
                <key/>
            </bookmark>
            <bookmark id="13">
                <name/>
                <line>2469</line>
                <key/>
            </bookmark>
            <bookmark id="3">
                <name/>
                <line>2514</line>
                <key/>
            </bookmark>
        </file>
        <file>
            <url>orbisius-child_theme_creator.php</url>
            <bookmark id="2">
                <name/>
                <line>379</line>
                <key/>
            </bookmark>
        </file>
    </editor-bookmarks>
    <open-files xmlns="http://www.netbeans.org/ns/projectui-open-files/2">
        <group name="qsandbox"/>
        <group>
            <file>file:/C:/Copy/Dropbox/cloud/projects/default/htdocs/wordpress313/wp-content/plugins/orbisius-child-theme-creator/assets/main.js</file>
            <file>file:/C:/Copy/Dropbox/cloud/projects/default/htdocs/wordpress313/wp-content/plugins/orbisius-child-theme-creator/readme.txt</file>
            <file>file:/C:/Copy/Dropbox/cloud/projects/default/htdocs/wordpress313/wp-content/plugins/orbisius-child-theme-creator/orbisius-child-theme-creator.php</file>
        </group>
    </open-files>
</project-private>
